time,close
2018-05-10 12:00:00+00:00,85245
2018-05-10 13:00:00+00:00,85590
2018-05-10 14:00:00+00:00,85740
2018-05-10 15:00:00+00:00,86320
2018-05-10 16:00:00+00:00,86285
2018-05-10 17:00:00+00:00,86260
2018-05-10 18:00:00+00:00,86240
2018-05-10 19:00:00+00:00,86410
2018-05-10 20:00:00+00:00,86325
2018-05-10 21:00:00+00:00,86315
2018-05-11 12:00:00+00:00,86380
2018-05-11 13:00:00+00:00,86645
2018-05-11 14:00:00+00:00,86380
2018-05-11 15:00:00+00:00,86175
2018-05-11 16:00:00+00:00,85675
2018-05-11 17:00:00+00:00,86020
2018-05-11 18:00:00+00:00,85910
2018-05-11 19:00:00+00:00,85595
2018-05-11 20:00:00+00:00,85780
2018-05-11 21:00:00+00:00,85865
2018-05-14 12:00:00+00:00,86075
2018-05-14 13:00:00+00:00,86330
2018-05-14 14:00:00+00:00,86215
2018-05-14 15:00:00+00:00,85935
2018-05-14 16:00:00+00:00,85305
2018-05-14 17:00:00+00:00,85255
2018-05-14 18:00:00+00:00,85520
2018-05-14 19:00:00+00:00,85680
2018-05-14 20:00:00+00:00,85815
2018-05-14 21:00:00+00:00,85850
2018-05-15 12:00:00+00:00,84645
2018-05-15 13:00:00+00:00,84235
2018-05-15 14:00:00+00:00,84940
2018-05-15 15:00:00+00:00,85360
2018-05-15 16:00:00+00:00,85390
2018-05-15 17:00:00+00:00,85070
2018-05-15 18:00:00+00:00,85145
2018-05-15 19:00:00+00:00,85490
2018-05-15 20:00:00+00:00,85840
2018-05-15 21:00:00+00:00,85780
2018-05-16 12:00:00+00:00,85320
2018-05-16 13:00:00+00:00,86870
2018-05-16 14:00:00+00:00,87040
2018-05-16 15:00:00+00:00,86775
2018-05-16 16:00:00+00:00,86915
2018-05-16 17:00:00+00:00,86740
2018-05-16 18:00:00+00:00,86655
2018-05-16 19:00:00+00:00,86805
2018-05-16 20:00:00+00:00,86870
2018-05-16 21:00:00+00:00,86845
2018-05-17 12:00:00+00:00,86195
2018-05-17 13:00:00+00:00,85510
2018-05-17 14:00:00+00:00,85510
2018-05-17 15:00:00+00:00,85270
2018-05-17 16:00:00+00:00,84930
2018-05-17 17:00:00+00:00,84545
2018-05-17 18:00:00+00:00,84210
2018-05-17 19:00:00+00:00,84005
2018-05-17 20:00:00+00:00,83740
2018-05-17 21:00:00+00:00,83790
2018-05-18 12:00:00+00:00,82490
2018-05-18 13:00:00+00:00,82700
2018-05-18 14:00:00+00:00,82965
2018-05-18 15:00:00+00:00,82480
2018-05-18 16:00:00+00:00,81830
2018-05-18 17:00:00+00:00,82225
2018-05-18 18:00:00+00:00,83015
2018-05-18 19:00:00+00:00,83145
2018-05-18 20:00:00+00:00,83055
2018-05-18 21:00:00+00:00,83125
2018-05-21 12:00:00+00:00,84080
2018-05-21 13:00:00+00:00,83230
2018-05-21 14:00:00+00:00,83425
2018-05-21 15:00:00+00:00,82970
2018-05-21 16:00:00+00:00,82585
2018-05-21 17:00:00+00:00,82520
2018-05-21 18:00:00+00:00,82335
2018-05-21 19:00:00+00:00,82245
2018-05-21 20:00:00+00:00,82215
2018-05-21 21:00:00+00:00,82305
2018-05-22 12:00:00+00:00,82595
2018-05-22 13:00:00+00:00,82215
2018-05-22 14:00:00+00:00,82260
2018-05-22 15:00:00+00:00,82775
2018-05-22 16:00:00+00:00,82550
2018-05-22 17:00:00+00:00,83050
2018-05-22 18:00:00+00:00,82980
2018-05-22 19:00:00+00:00,83135
2018-05-22 20:00:00+00:00,82950
2018-05-22 21:00:00+00:00,82905
2018-05-23 12:00:00+00:00,81890
2018-05-23 13:00:00+00:00,82120
2018-05-23 14:00:00+00:00,81395
2018-05-23 15:00:00+00:00,81605
2018-05-23 16:00:00+00:00,81555
2018-05-23 17:00:00+00:00,81715
2018-05-23 18:00:00+00:00,81265
2018-05-23 19:00:00+00:00,81115
2018-05-23 20:00:00+00:00,81130
2018-05-23 21:00:00+00:00,81280
2018-05-24 12:00:00+00:00,79540
2018-05-24 13:00:00+00:00,79740
2018-05-24 14:00:00+00:00,79505
2018-05-24 15:00:00+00:00,79730
2018-05-24 16:00:00+00:00,79625
2018-05-24 17:00:00+00:00,80060
2018-05-24 18:00:00+00:00,80280
2018-05-24 19:00:00+00:00,80410
2018-05-24 20:00:00+00:00,80235
2018-05-24 21:00:00+00:00,80295
2018-05-25 12:00:00+00:00,80745
2018-05-25 13:00:00+00:00,79850
2018-05-25 14:00:00+00:00,79985
2018-05-25 15:00:00+00:00,79905
2018-05-25 16:00:00+00:00,79600
2018-05-25 17:00:00+00:00,79200
2018-05-25 18:00:00+00:00,79025
2018-05-25 19:00:00+00:00,78995
2018-05-25 20:00:00+00:00,79225
2018-05-25 21:00:00+00:00,79090
2018-05-28 12:00:00+00:00,77980
2018-05-28 13:00:00+00:00,77075
2018-05-28 14:00:00+00:00,76160
2018-05-28 15:00:00+00:00,76155
2018-05-28 16:00:00+00:00,76545
2018-05-28 17:00:00+00:00,76755
2018-05-28 18:00:00+00:00,76485
2018-05-28 19:00:00+00:00,75525
2018-05-28 20:00:00+00:00,75245
2018-05-28 21:00:00+00:00,75200
2018-05-29 12:00:00+00:00,76735
2018-05-29 13:00:00+00:00,77245
2018-05-29 14:00:00+00:00,76695
2018-05-29 15:00:00+00:00,76555
2018-05-29 16:00:00+00:00,77080
2018-05-29 17:00:00+00:00,76275
2018-05-29 18:00:00+00:00,76030
2018-05-29 19:00:00+00:00,76065
2018-05-29 20:00:00+00:00,76060
2018-05-29 21:00:00+00:00,75980
2018-05-30 12:00:00+00:00,75865
2018-05-30 13:00:00+00:00,76010
2018-05-30 14:00:00+00:00,76140
2018-05-30 15:00:00+00:00,77085
2018-05-30 16:00:00+00:00,76685
2018-05-30 17:00:00+00:00,76880
2018-05-30 18:00:00+00:00,77035
2018-05-30 19:00:00+00:00,76815
2018-05-30 20:00:00+00:00,77230
2018-05-30 21:00:00+00:00,77280
2018-06-01 12:00:00+00:00,77475
2018-06-01 13:00:00+00:00,78150
2018-06-01 14:00:00+00:00,75615
2018-06-01 15:00:00+00:00,76255
2018-06-01 16:00:00+00:00,76750
2018-06-01 17:00:00+00:00,77435
2018-06-01 18:00:00+00:00,77365
2018-06-01 19:00:00+00:00,77705
2018-06-01 20:00:00+00:00,77745
2018-06-01 21:00:00+00:00,77710
2018-06-04 12:00:00+00:00,78275
2018-06-04 13:00:00+00:00,78395
2018-06-04 14:00:00+00:00,78575
2018-06-04 15:00:00+00:00,78265
2018-06-04 16:00:00+00:00,78270
2018-06-04 17:00:00+00:00,78545
2018-06-04 18:00:00+00:00,78615
2018-06-04 19:00:00+00:00,78615
2018-06-04 20:00:00+00:00,78700
2018-06-04 21:00:00+00:00,78590
2018-06-05 12:00:00+00:00,78110
2018-06-05 13:00:00+00:00,78790
2018-06-05 14:00:00+00:00,77890
2018-06-05 15:00:00+00:00,77800
2018-06-05 16:00:00+00:00,77685
2018-06-05 17:00:00+00:00,77515
2018-06-05 18:00:00+00:00,77070
2018-06-05 19:00:00+00:00,76565
2018-06-05 20:00:00+00:00,76690
2018-06-05 21:00:00+00:00,76550
2018-06-06 12:00:00+00:00,76035
2018-06-06 13:00:00+00:00,76745
2018-06-06 14:00:00+00:00,76100
2018-06-06 15:00:00+00:00,76000
2018-06-06 16:00:00+00:00,75900
2018-06-06 17:00:00+00:00,76425
2018-06-06 18:00:00+00:00,75745
2018-06-06 19:00:00+00:00,75985
2018-06-06 20:00:00+00:00,75615
2018-06-06 21:00:00+00:00,75560
2018-06-07 12:00:00+00:00,74710
2018-06-07 13:00:00+00:00,74605
2018-06-07 14:00:00+00:00,74035
2018-06-07 15:00:00+00:00,73260
2018-06-07 16:00:00+00:00,72140
2018-06-07 17:00:00+00:00,71725
2018-06-07 18:00:00+00:00,73160
2018-06-07 19:00:00+00:00,73670
2018-06-07 20:00:00+00:00,73825
2018-06-07 21:00:00+00:00,74050
2018-06-08 12:00:00+00:00,73745
2018-06-08 13:00:00+00:00,72700
2018-06-08 14:00:00+00:00,72580
2018-06-08 15:00:00+00:00,72660
2018-06-08 16:00:00+00:00,72885
2018-06-08 17:00:00+00:00,73235
2018-06-08 18:00:00+00:00,73270
2018-06-08 19:00:00+00:00,72740
2018-06-08 20:00:00+00:00,72840
2018-06-08 21:00:00+00:00,72870
2018-06-11 12:00:00+00:00,73300
2018-06-11 13:00:00+00:00,73435
2018-06-11 14:00:00+00:00,72790
2018-06-11 15:00:00+00:00,72755
2018-06-11 16:00:00+00:00,72655
2018-06-11 17:00:00+00:00,72255
2018-06-11 18:00:00+00:00,72270
2018-06-11 19:00:00+00:00,72210
2018-06-11 20:00:00+00:00,72170
2018-06-11 21:00:00+00:00,72110
2018-06-12 12:00:00+00:00,71980
2018-06-12 13:00:00+00:00,72745
2018-06-12 14:00:00+00:00,73105
2018-06-12 15:00:00+00:00,72825
2018-06-12 16:00:00+00:00,72745
2018-06-12 17:00:00+00:00,72560
2018-06-12 18:00:00+00:00,72305
2018-06-12 19:00:00+00:00,72665
2018-06-12 20:00:00+00:00,72900
2018-06-12 21:00:00+00:00,72910
2018-06-13 12:00:00+00:00,73645
2018-06-13 13:00:00+00:00,72820
2018-06-13 14:00:00+00:00,73005
2018-06-13 15:00:00+00:00,73155
2018-06-13 16:00:00+00:00,72345
2018-06-13 17:00:00+00:00,72600
2018-06-13 18:00:00+00:00,72615
2018-06-13 19:00:00+00:00,72690
2018-06-13 20:00:00+00:00,73010
2018-06-13 21:00:00+00:00,73075
2018-06-14 12:00:00+00:00,73060
2018-06-14 13:00:00+00:00,72940
2018-06-14 14:00:00+00:00,72935
2018-06-14 15:00:00+00:00,72695
2018-06-14 16:00:00+00:00,72595
2018-06-14 17:00:00+00:00,72225
2018-06-14 18:00:00+00:00,72045
2018-06-14 19:00:00+00:00,72105
2018-06-14 20:00:00+00:00,72150
2018-06-14 21:00:00+00:00,72075
2018-06-15 12:00:00+00:00,71585
2018-06-15 13:00:00+00:00,71525
2018-06-15 14:00:00+00:00,71170
2018-06-15 15:00:00+00:00,70585
2018-06-15 16:00:00+00:00,70455
2018-06-15 17:00:00+00:00,70450
2018-06-15 18:00:00+00:00,71170
2018-06-15 19:00:00+00:00,71165
2018-06-15 20:00:00+00:00,71210
2018-06-15 21:00:00+00:00,71140
2018-06-18 12:00:00+00:00,70440
2018-06-18 13:00:00+00:00,70525
2018-06-18 14:00:00+00:00,70570
2018-06-18 15:00:00+00:00,70235
2018-06-18 16:00:00+00:00,70180
2018-06-18 17:00:00+00:00,70450
2018-06-18 18:00:00+00:00,70785
2018-06-18 19:00:00+00:00,70445
2018-06-18 20:00:00+00:00,70435
2018-06-18 21:00:00+00:00,70395
2018-06-19 12:00:00+00:00,69745
2018-06-19 13:00:00+00:00,70385
2018-06-19 14:00:00+00:00,71105
2018-06-19 15:00:00+00:00,72335
2018-06-19 16:00:00+00:00,72360
2018-06-19 17:00:00+00:00,72370
2018-06-19 18:00:00+00:00,72520
2018-06-19 19:00:00+00:00,71975
2018-06-19 20:00:00+00:00,72025
2018-06-19 21:00:00+00:00,71950
2018-06-20 12:00:00+00:00,72780
2018-06-20 13:00:00+00:00,72750
2018-06-20 14:00:00+00:00,72040
2018-06-20 15:00:00+00:00,72320
2018-06-20 16:00:00+00:00,72075
2018-06-20 17:00:00+00:00,72460
2018-06-20 18:00:00+00:00,72610
2018-06-20 19:00:00+00:00,72600
2018-06-20 20:00:00+00:00,72825
2018-06-20 21:00:00+00:00,73000
2018-06-21 12:00:00+00:00,72390
2018-06-21 13:00:00+00:00,72005
2018-06-21 14:00:00+00:00,71475
2018-06-21 15:00:00+00:00,71585
2018-06-21 16:00:00+00:00,71675
2018-06-21 17:00:00+00:00,71165
2018-06-21 18:00:00+00:00,70660
2018-06-21 19:00:00+00:00,70515
2018-06-21 20:00:00+00:00,70370
2018-06-21 21:00:00+00:00,70220
2018-06-22 12:00:00+00:00,71020
2018-06-22 13:00:00+00:00,71415
2018-06-22 14:00:00+00:00,70790
2018-06-22 15:00:00+00:00,70720
2018-06-22 16:00:00+00:00,70740
2018-06-22 17:00:00+00:00,71065
2018-06-22 18:00:00+00:00,71235
2018-06-22 19:00:00+00:00,71160
2018-06-22 20:00:00+00:00,71115
2018-06-22 21:00:00+00:00,70965
2018-06-25 12:00:00+00:00,71375
2018-06-25 13:00:00+00:00,70880
2018-06-25 14:00:00+00:00,70510
2018-06-25 15:00:00+00:00,70585
2018-06-25 16:00:00+00:00,70905
2018-06-25 17:00:00+00:00,71175
2018-06-25 18:00:00+00:00,71140
2018-06-25 19:00:00+00:00,71575
2018-06-25 20:00:00+00:00,71980
2018-06-25 21:00:00+00:00,71995
2018-06-26 12:00:00+00:00,71870
2018-06-26 13:00:00+00:00,71145
2018-06-26 14:00:00+00:00,70880
2018-06-26 15:00:00+00:00,71215
2018-06-26 16:00:00+00:00,71310
2018-06-26 17:00:00+00:00,71315
2018-06-26 18:00:00+00:00,71635
2018-06-26 19:00:00+00:00,71735
2018-06-26 20:00:00+00:00,71840
2018-06-26 21:00:00+00:00,71750
2018-06-27 12:00:00+00:00,71780
2018-06-27 13:00:00+00:00,71865
2018-06-27 14:00:00+00:00,72190
2018-06-27 15:00:00+00:00,71630
2018-06-27 16:00:00+00:00,71455
2018-06-27 17:00:00+00:00,71150
2018-06-27 18:00:00+00:00,70630
2018-06-27 19:00:00+00:00,70675
2018-06-27 20:00:00+00:00,70820
2018-06-27 21:00:00+00:00,70815
2018-06-28 12:00:00+00:00,70735
2018-06-28 13:00:00+00:00,71145
2018-06-28 14:00:00+00:00,71625
2018-06-28 15:00:00+00:00,71940
2018-06-28 16:00:00+00:00,72000
2018-06-28 17:00:00+00:00,72325
2018-06-28 18:00:00+00:00,72590
2018-06-28 19:00:00+00:00,72180
2018-06-28 20:00:00+00:00,72380
2018-06-28 21:00:00+00:00,72260
2018-06-29 12:00:00+00:00,72860
2018-06-29 13:00:00+00:00,72955
2018-06-29 14:00:00+00:00,73285
2018-06-29 15:00:00+00:00,73100
2018-06-29 16:00:00+00:00,73010
2018-06-29 17:00:00+00:00,72555
2018-06-29 18:00:00+00:00,73075
2018-06-29 19:00:00+00:00,73150
2018-06-29 20:00:00+00:00,72805
2018-06-29 21:00:00+00:00,72805
2018-07-02 12:00:00+00:00,72500
2018-07-02 13:00:00+00:00,72740
2018-07-02 14:00:00+00:00,72700
2018-07-02 15:00:00+00:00,72945
2018-07-02 16:00:00+00:00,72940
2018-07-02 17:00:00+00:00,72665
2018-07-02 18:00:00+00:00,72930
2018-07-02 19:00:00+00:00,73260
2018-07-02 20:00:00+00:00,73540
2018-07-02 21:00:00+00:00,73615
2018-07-03 12:00:00+00:00,74025
2018-07-03 13:00:00+00:00,73735
2018-07-03 14:00:00+00:00,74510
2018-07-03 15:00:00+00:00,74790
2018-07-03 16:00:00+00:00,74505
2018-07-03 17:00:00+00:00,74255
2018-07-03 18:00:00+00:00,74070
2018-07-03 19:00:00+00:00,74045
2018-07-03 20:00:00+00:00,74295
2018-07-03 21:00:00+00:00,74110
2018-07-04 12:00:00+00:00,74290
2018-07-04 13:00:00+00:00,73955
2018-07-04 14:00:00+00:00,74295
2018-07-04 15:00:00+00:00,74255
2018-07-04 16:00:00+00:00,74135
2018-07-04 17:00:00+00:00,74385
2018-07-04 18:00:00+00:00,74740
2018-07-04 19:00:00+00:00,75150
2018-07-04 20:00:00+00:00,75350
2018-07-04 21:00:00+00:00,75385
2018-07-05 12:00:00+00:00,75460
2018-07-05 13:00:00+00:00,74690
2018-07-05 14:00:00+00:00,74265
2018-07-05 15:00:00+00:00,74665
2018-07-05 16:00:00+00:00,75185
2018-07-05 17:00:00+00:00,74735
2018-07-05 18:00:00+00:00,74830
2018-07-05 19:00:00+00:00,74885
2018-07-05 20:00:00+00:00,74800
2018-07-05 21:00:00+00:00,74810
2018-07-06 12:00:00+00:00,74850
2018-07-06 13:00:00+00:00,74990
2018-07-06 14:00:00+00:00,75180
2018-07-06 15:00:00+00:00,74840
2018-07-06 16:00:00+00:00,75035
2018-07-06 17:00:00+00:00,75245
2018-07-06 18:00:00+00:00,75230
2018-07-06 19:00:00+00:00,75440
2018-07-06 20:00:00+00:00,75600
2018-07-06 21:00:00+00:00,75600
2018-07-10 12:00:00+00:00,76150
2018-07-10 13:00:00+00:00,75820
2018-07-10 14:00:00+00:00,75540
2018-07-10 15:00:00+00:00,75555
2018-07-10 16:00:00+00:00,75155
2018-07-10 17:00:00+00:00,74775
2018-07-10 18:00:00+00:00,75020
2018-07-10 19:00:00+00:00,75135
2018-07-10 20:00:00+00:00,74935
2018-07-10 21:00:00+00:00,74600
2018-07-11 12:00:00+00:00,74515
2018-07-11 13:00:00+00:00,75030
2018-07-11 14:00:00+00:00,75185
2018-07-11 15:00:00+00:00,74930
2018-07-11 16:00:00+00:00,74980
2018-07-11 17:00:00+00:00,74860
2018-07-11 18:00:00+00:00,74720
2018-07-11 19:00:00+00:00,74685
2018-07-11 20:00:00+00:00,74840
2018-07-11 21:00:00+00:00,74965
2018-07-12 12:00:00+00:00,75220
2018-07-12 13:00:00+00:00,75610
2018-07-12 14:00:00+00:00,75740
2018-07-12 15:00:00+00:00,75750
2018-07-12 16:00:00+00:00,76110
2018-07-12 17:00:00+00:00,75925
2018-07-12 18:00:00+00:00,76010
2018-07-12 19:00:00+00:00,76130
2018-07-12 20:00:00+00:00,76395
2018-07-12 21:00:00+00:00,76495
2018-07-13 12:00:00+00:00,76275
2018-07-13 13:00:00+00:00,75975
2018-07-13 14:00:00+00:00,76355
2018-07-13 15:00:00+00:00,76620
2018-07-13 16:00:00+00:00,76790
2018-07-13 17:00:00+00:00,76780
2018-07-13 18:00:00+00:00,76580
2018-07-13 19:00:00+00:00,76940
2018-07-13 20:00:00+00:00,77065
2018-07-13 21:00:00+00:00,77030
2018-07-16 12:00:00+00:00,76880
2018-07-16 13:00:00+00:00,77155
2018-07-16 14:00:00+00:00,76585
2018-07-16 15:00:00+00:00,76835
2018-07-16 16:00:00+00:00,76790
2018-07-16 17:00:00+00:00,76730
2018-07-16 18:00:00+00:00,76735
2018-07-16 19:00:00+00:00,76875
2018-07-16 20:00:00+00:00,77215
2018-07-16 21:00:00+00:00,77170
2018-07-17 12:00:00+00:00,76820
2018-07-17 13:00:00+00:00,77350
2018-07-17 14:00:00+00:00,78020
2018-07-17 15:00:00+00:00,78240
2018-07-17 16:00:00+00:00,78590
2018-07-17 17:00:00+00:00,78620
2018-07-17 18:00:00+00:00,78560
2018-07-17 19:00:00+00:00,78505
2018-07-17 20:00:00+00:00,78480
2018-07-17 21:00:00+00:00,78410
2018-07-18 12:00:00+00:00,78385
2018-07-18 13:00:00+00:00,78285
2018-07-18 14:00:00+00:00,77970
2018-07-18 15:00:00+00:00,77970
2018-07-18 16:00:00+00:00,78085
2018-07-18 17:00:00+00:00,78020
2018-07-18 18:00:00+00:00,77985
2018-07-18 19:00:00+00:00,77495
2018-07-18 20:00:00+00:00,77400
2018-07-18 21:00:00+00:00,77400
2018-07-19 12:00:00+00:00,76645
2018-07-19 13:00:00+00:00,76230
2018-07-19 14:00:00+00:00,76975
2018-07-19 15:00:00+00:00,76545
2018-07-19 16:00:00+00:00,76430
2018-07-19 17:00:00+00:00,76620
2018-07-19 18:00:00+00:00,76775
2018-07-19 19:00:00+00:00,77615
2018-07-19 20:00:00+00:00,78640
2018-07-19 21:00:00+00:00,78900
2018-07-20 12:00:00+00:00,79780
2018-07-20 13:00:00+00:00,79315
2018-07-20 14:00:00+00:00,79560
2018-07-20 15:00:00+00:00,79205
2018-07-20 16:00:00+00:00,79230
2018-07-20 17:00:00+00:00,79335
2018-07-20 18:00:00+00:00,78935
2018-07-20 19:00:00+00:00,78750
2018-07-20 20:00:00+00:00,78565
2018-07-20 21:00:00+00:00,78585
2018-07-23 12:00:00+00:00,78555
2018-07-23 13:00:00+00:00,78570
2018-07-23 14:00:00+00:00,78480
2018-07-23 15:00:00+00:00,78270
2018-07-23 16:00:00+00:00,78285
2018-07-23 17:00:00+00:00,78380
2018-07-23 18:00:00+00:00,78375
2018-07-23 19:00:00+00:00,78205
2018-07-23 20:00:00+00:00,78120
2018-07-23 21:00:00+00:00,78085
2018-07-24 12:00:00+00:00,79455
2018-07-24 13:00:00+00:00,79320
2018-07-24 14:00:00+00:00,79700
2018-07-24 15:00:00+00:00,79525
2018-07-24 16:00:00+00:00,79400
2018-07-24 17:00:00+00:00,79225
2018-07-24 18:00:00+00:00,79300
2018-07-24 19:00:00+00:00,79485
2018-07-24 20:00:00+00:00,79370
2018-07-24 21:00:00+00:00,79340
2018-07-25 12:00:00+00:00,79655
2018-07-25 13:00:00+00:00,79900
2018-07-25 14:00:00+00:00,79580
2018-07-25 15:00:00+00:00,79850
2018-07-25 16:00:00+00:00,79990
2018-07-25 17:00:00+00:00,80100
2018-07-25 18:00:00+00:00,80315
2018-07-25 19:00:00+00:00,80535
2018-07-25 20:00:00+00:00,80600
2018-07-25 21:00:00+00:00,80480
2018-07-26 12:00:00+00:00,80535
2018-07-26 13:00:00+00:00,80350
2018-07-26 14:00:00+00:00,80420
2018-07-26 15:00:00+00:00,80365
2018-07-26 16:00:00+00:00,79795
2018-07-26 17:00:00+00:00,79735
2018-07-26 18:00:00+00:00,79745
2018-07-26 19:00:00+00:00,79470
2018-07-26 20:00:00+00:00,79675
2018-07-26 21:00:00+00:00,79850
2018-07-27 12:00:00+00:00,80065
2018-07-27 13:00:00+00:00,80335
2018-07-27 14:00:00+00:00,80100
2018-07-27 15:00:00+00:00,80280
2018-07-27 16:00:00+00:00,79760
2018-07-27 17:00:00+00:00,79875
2018-07-27 18:00:00+00:00,79835
2018-07-27 19:00:00+00:00,80115
2018-07-27 20:00:00+00:00,80225
2018-07-27 21:00:00+00:00,80250
2018-07-30 12:00:00+00:00,80370
2018-07-30 13:00:00+00:00,80170
2018-07-30 14:00:00+00:00,79980
2018-07-30 15:00:00+00:00,80270
2018-07-30 16:00:00+00:00,80230
2018-07-30 17:00:00+00:00,80410
2018-07-30 18:00:00+00:00,80370
2018-07-30 19:00:00+00:00,80465
2018-07-30 20:00:00+00:00,80465
2018-07-30 21:00:00+00:00,80400
2018-07-31 12:00:00+00:00,79925
2018-07-31 13:00:00+00:00,79635
2018-07-31 14:00:00+00:00,79365
2018-07-31 15:00:00+00:00,79370
2018-07-31 16:00:00+00:00,79520
2018-07-31 17:00:00+00:00,79410
2018-07-31 18:00:00+00:00,79355
2018-07-31 19:00:00+00:00,79320
2018-07-31 20:00:00+00:00,79230
2018-07-31 21:00:00+00:00,79300
2018-08-01 12:00:00+00:00,78925
2018-08-01 13:00:00+00:00,79370
2018-08-01 14:00:00+00:00,79755
2018-08-01 15:00:00+00:00,79235
2018-08-01 16:00:00+00:00,79455
2018-08-01 17:00:00+00:00,79410
2018-08-01 18:00:00+00:00,79380
2018-08-01 19:00:00+00:00,79405
2018-08-01 20:00:00+00:00,79420
2018-08-01 21:00:00+00:00,79420
2018-08-02 12:00:00+00:00,78885
2018-08-02 13:00:00+00:00,78905
2018-08-02 14:00:00+00:00,79315
2018-08-02 15:00:00+00:00,79665
2018-08-02 16:00:00+00:00,79880
2018-08-02 17:00:00+00:00,79875
2018-08-02 18:00:00+00:00,79870
2018-08-02 19:00:00+00:00,79780
2018-08-02 20:00:00+00:00,79940
2018-08-02 21:00:00+00:00,79980
2018-08-03 12:00:00+00:00,80490
2018-08-03 13:00:00+00:00,81100
2018-08-03 14:00:00+00:00,81755
2018-08-03 15:00:00+00:00,81400
2018-08-03 16:00:00+00:00,81415
2018-08-03 17:00:00+00:00,81390
2018-08-03 18:00:00+00:00,81520
2018-08-03 19:00:00+00:00,81660
2018-08-03 20:00:00+00:00,81715
2018-08-03 21:00:00+00:00,81530
2018-08-06 12:00:00+00:00,81840
2018-08-06 13:00:00+00:00,81775
2018-08-06 14:00:00+00:00,81510
2018-08-06 15:00:00+00:00,81410
2018-08-06 16:00:00+00:00,81530
2018-08-06 17:00:00+00:00,81465
2018-08-06 18:00:00+00:00,81375
2018-08-06 19:00:00+00:00,81135
2018-08-06 20:00:00+00:00,81105
2018-08-06 21:00:00+00:00,81035
2018-08-07 12:00:00+00:00,81635
2018-08-07 13:00:00+00:00,81785
2018-08-07 14:00:00+00:00,81740
2018-08-07 15:00:00+00:00,81585
2018-08-07 16:00:00+00:00,81390
2018-08-07 17:00:00+00:00,80430
2018-08-07 18:00:00+00:00,80170
2018-08-07 19:00:00+00:00,80290
2018-08-07 20:00:00+00:00,80745
2018-08-07 21:00:00+00:00,80700
2018-08-08 12:00:00+00:00,80475
2018-08-08 13:00:00+00:00,80800
2018-08-08 14:00:00+00:00,80640
2018-08-08 15:00:00+00:00,80475
2018-08-08 16:00:00+00:00,80180
2018-08-08 17:00:00+00:00,80315
2018-08-08 18:00:00+00:00,79960
2018-08-08 19:00:00+00:00,79170
2018-08-08 20:00:00+00:00,78880
2018-08-08 21:00:00+00:00,78840
2018-08-09 12:00:00+00:00,79220
2018-08-09 13:00:00+00:00,78270
2018-08-09 14:00:00+00:00,78865
2018-08-09 15:00:00+00:00,78675
2018-08-09 16:00:00+00:00,78400
2018-08-09 17:00:00+00:00,78610
2018-08-09 18:00:00+00:00,78640
2018-08-09 19:00:00+00:00,78700
2018-08-09 20:00:00+00:00,78780
2018-08-09 21:00:00+00:00,78705
2018-08-10 12:00:00+00:00,78050
2018-08-10 13:00:00+00:00,77050
2018-08-10 14:00:00+00:00,77035
2018-08-10 15:00:00+00:00,76665
2018-08-10 16:00:00+00:00,76260
2018-08-10 17:00:00+00:00,76350
2018-08-10 18:00:00+00:00,76415
2018-08-10 19:00:00+00:00,76410
2018-08-10 20:00:00+00:00,76335
2018-08-10 21:00:00+00:00,76400
2018-08-13 12:00:00+00:00,75995
2018-08-13 13:00:00+00:00,76675
2018-08-13 14:00:00+00:00,76820
2018-08-13 15:00:00+00:00,76315
2018-08-13 16:00:00+00:00,76560
2018-08-13 17:00:00+00:00,76645
2018-08-13 18:00:00+00:00,77220
2018-08-13 19:00:00+00:00,77515
2018-08-13 20:00:00+00:00,77825
2018-08-13 21:00:00+00:00,77820
2018-08-14 12:00:00+00:00,78425
2018-08-14 13:00:00+00:00,78155
2018-08-14 14:00:00+00:00,78070
2018-08-14 15:00:00+00:00,77855
2018-08-14 16:00:00+00:00,78100
2018-08-14 17:00:00+00:00,78110
2018-08-14 18:00:00+00:00,78535
2018-08-14 19:00:00+00:00,78620
2018-08-14 20:00:00+00:00,78600
2018-08-14 21:00:00+00:00,78400
2018-08-15 12:00:00+00:00,78185
2018-08-15 13:00:00+00:00,78225
2018-08-15 14:00:00+00:00,77585
2018-08-15 15:00:00+00:00,77880
2018-08-15 16:00:00+00:00,78220
2018-08-15 17:00:00+00:00,78105
2018-08-15 18:00:00+00:00,77730
2018-08-15 19:00:00+00:00,77785
2018-08-15 20:00:00+00:00,77530
2018-08-15 21:00:00+00:00,77515
2018-08-16 12:00:00+00:00,78135
2018-08-16 13:00:00+00:00,77800
2018-08-16 14:00:00+00:00,77725
2018-08-16 15:00:00+00:00,77785
2018-08-16 16:00:00+00:00,77595
2018-08-16 17:00:00+00:00,77780
2018-08-16 18:00:00+00:00,77500
2018-08-16 19:00:00+00:00,77410
2018-08-16 20:00:00+00:00,77455
2018-08-16 21:00:00+00:00,77580
2018-08-17 12:00:00+00:00,76615
2018-08-17 13:00:00+00:00,76755
2018-08-17 14:00:00+00:00,76390
2018-08-17 15:00:00+00:00,76470
2018-08-17 16:00:00+00:00,76285
2018-08-17 17:00:00+00:00,76635
2018-08-17 18:00:00+00:00,76865
2018-08-17 19:00:00+00:00,76660
2018-08-17 20:00:00+00:00,76535
2018-08-17 21:00:00+00:00,76495
2018-08-20 12:00:00+00:00,76520
2018-08-20 13:00:00+00:00,76415
2018-08-20 14:00:00+00:00,76220
2018-08-20 15:00:00+00:00,76490
2018-08-20 16:00:00+00:00,76865
2018-08-20 17:00:00+00:00,76715
2018-08-20 18:00:00+00:00,76710
2018-08-20 19:00:00+00:00,76950
2018-08-20 20:00:00+00:00,77035
2018-08-20 21:00:00+00:00,77040
2018-08-21 12:00:00+00:00,76630
2018-08-21 13:00:00+00:00,76655
2018-08-21 14:00:00+00:00,76320
2018-08-21 15:00:00+00:00,76430
2018-08-21 16:00:00+00:00,76515
2018-08-21 17:00:00+00:00,76420
2018-08-21 18:00:00+00:00,75720
2018-08-21 19:00:00+00:00,75670
2018-08-21 20:00:00+00:00,75380
2018-08-21 21:00:00+00:00,75310
2018-08-22 12:00:00+00:00,75105
2018-08-22 13:00:00+00:00,75885
2018-08-22 14:00:00+00:00,76210
2018-08-22 15:00:00+00:00,76540
2018-08-22 16:00:00+00:00,76410
2018-08-22 17:00:00+00:00,76780
2018-08-22 18:00:00+00:00,77215
2018-08-22 19:00:00+00:00,77390
2018-08-22 20:00:00+00:00,77680
2018-08-22 21:00:00+00:00,77700
2018-08-23 12:00:00+00:00,77340
2018-08-23 13:00:00+00:00,77575
2018-08-23 14:00:00+00:00,76745
2018-08-23 15:00:00+00:00,76670
2018-08-23 16:00:00+00:00,76450
2018-08-23 17:00:00+00:00,76370
2018-08-23 18:00:00+00:00,76410
2018-08-23 19:00:00+00:00,76125
2018-08-23 20:00:00+00:00,76130
2018-08-23 21:00:00+00:00,76300
2018-08-24 12:00:00+00:00,76975
2018-08-24 13:00:00+00:00,76740
2018-08-24 14:00:00+00:00,76900
2018-08-24 15:00:00+00:00,76840
2018-08-24 16:00:00+00:00,76600
2018-08-24 17:00:00+00:00,76465
2018-08-24 18:00:00+00:00,76870
2018-08-24 19:00:00+00:00,76855
2018-08-24 20:00:00+00:00,76995
2018-08-24 21:00:00+00:00,77000
2018-08-27 12:00:00+00:00,77175
2018-08-27 13:00:00+00:00,77725
2018-08-27 14:00:00+00:00,77865
2018-08-27 15:00:00+00:00,78015
2018-08-27 16:00:00+00:00,78060
2018-08-27 17:00:00+00:00,78000
2018-08-27 18:00:00+00:00,78465
2018-08-27 19:00:00+00:00,78420
2018-08-27 20:00:00+00:00,78290
2018-08-27 21:00:00+00:00,78130
2018-08-28 12:00:00+00:00,78135
2018-08-28 13:00:00+00:00,78265
2018-08-28 14:00:00+00:00,77750
2018-08-28 15:00:00+00:00,77985
2018-08-28 16:00:00+00:00,77915
2018-08-28 17:00:00+00:00,77810
2018-08-28 18:00:00+00:00,77890
2018-08-28 19:00:00+00:00,77970
2018-08-28 20:00:00+00:00,78165
2018-08-28 21:00:00+00:00,78450
2018-08-29 12:00:00+00:00,78205
2018-08-29 13:00:00+00:00,78515
2018-08-29 14:00:00+00:00,78855
2018-08-29 15:00:00+00:00,79185
2018-08-29 16:00:00+00:00,79230
2018-08-29 17:00:00+00:00,78910
2018-08-29 18:00:00+00:00,79020
2018-08-29 19:00:00+00:00,78940
2018-08-29 20:00:00+00:00,79180
2018-08-29 21:00:00+00:00,79195
2018-08-30 12:00:00+00:00,78610
2018-08-30 13:00:00+00:00,78270
2018-08-30 14:00:00+00:00,77980
2018-08-30 15:00:00+00:00,77355
2018-08-30 16:00:00+00:00,77210
2018-08-30 17:00:00+00:00,77335
2018-08-30 18:00:00+00:00,76865
2018-08-30 19:00:00+00:00,76830
2018-08-30 20:00:00+00:00,76610
2018-08-30 21:00:00+00:00,76470
2018-08-31 12:00:00+00:00,76675
2018-08-31 13:00:00+00:00,76935
2018-08-31 14:00:00+00:00,77240
2018-08-31 15:00:00+00:00,76675
2018-08-31 16:00:00+00:00,76955
2018-08-31 17:00:00+00:00,77450
2018-08-31 18:00:00+00:00,77290
2018-08-31 19:00:00+00:00,77330
2018-08-31 20:00:00+00:00,77230
2018-08-31 21:00:00+00:00,77150
2018-09-03 12:00:00+00:00,76315
2018-09-03 13:00:00+00:00,76690
2018-09-03 14:00:00+00:00,76720
2018-09-03 15:00:00+00:00,76690
2018-09-03 16:00:00+00:00,76760
2018-09-03 17:00:00+00:00,76700
2018-09-03 18:00:00+00:00,76585
2018-09-03 19:00:00+00:00,76565
2018-09-03 20:00:00+00:00,76635
2018-09-03 21:00:00+00:00,76610
2018-09-04 12:00:00+00:00,76260
2018-09-04 13:00:00+00:00,75960
2018-09-04 14:00:00+00:00,75965
2018-09-04 15:00:00+00:00,75615
2018-09-04 16:00:00+00:00,75595
2018-09-04 17:00:00+00:00,75475
2018-09-04 18:00:00+00:00,75360
2018-09-04 19:00:00+00:00,75025
2018-09-04 20:00:00+00:00,74985
2018-09-04 21:00:00+00:00,74945
2018-09-05 12:00:00+00:00,74610
2018-09-05 13:00:00+00:00,74990
2018-09-05 14:00:00+00:00,75315
2018-09-05 15:00:00+00:00,75495
2018-09-05 16:00:00+00:00,75565
2018-09-05 17:00:00+00:00,75530
2018-09-05 18:00:00+00:00,75565
2018-09-05 19:00:00+00:00,75410
2018-09-05 20:00:00+00:00,75290
2018-09-05 21:00:00+00:00,75200
2018-09-06 12:00:00+00:00,76020
2018-09-06 13:00:00+00:00,76125
2018-09-06 14:00:00+00:00,75645
2018-09-06 15:00:00+00:00,75690
2018-09-06 16:00:00+00:00,75685
2018-09-06 17:00:00+00:00,76000
2018-09-06 18:00:00+00:00,75755
2018-09-06 19:00:00+00:00,76715
2018-09-06 20:00:00+00:00,77975
2018-09-06 21:00:00+00:00,77410
2018-09-10 12:00:00+00:00,77575
2018-09-10 13:00:00+00:00,77420
2018-09-10 14:00:00+00:00,76685
2018-09-10 15:00:00+00:00,76760
2018-09-10 16:00:00+00:00,77120
2018-09-10 17:00:00+00:00,76740
2018-09-10 18:00:00+00:00,76865
2018-09-10 19:00:00+00:00,76640
2018-09-10 20:00:00+00:00,77015
2018-09-10 21:00:00+00:00,76920
2018-09-11 12:00:00+00:00,75515
2018-09-11 13:00:00+00:00,75505
2018-09-11 14:00:00+00:00,74770
2018-09-11 15:00:00+00:00,74935
2018-09-11 16:00:00+00:00,74790
2018-09-11 17:00:00+00:00,74685
2018-09-11 18:00:00+00:00,74920
2018-09-11 19:00:00+00:00,74915
2018-09-11 20:00:00+00:00,75130
2018-09-11 21:00:00+00:00,75255
2018-09-12 12:00:00+00:00,75585
2018-09-12 13:00:00+00:00,75575
2018-09-12 14:00:00+00:00,74950
2018-09-12 15:00:00+00:00,75085
2018-09-12 16:00:00+00:00,75380
2018-09-12 17:00:00+00:00,75730
2018-09-12 18:00:00+00:00,75975
2018-09-12 19:00:00+00:00,75520
2018-09-12 20:00:00+00:00,75365
2018-09-12 21:00:00+00:00,75230
2018-09-13 12:00:00+00:00,75705
2018-09-13 13:00:00+00:00,75355
2018-09-13 14:00:00+00:00,74965
2018-09-13 15:00:00+00:00,75125
2018-09-13 16:00:00+00:00,75255
2018-09-13 17:00:00+00:00,75175
2018-09-13 18:00:00+00:00,75030
2018-09-13 19:00:00+00:00,74915
2018-09-13 20:00:00+00:00,74895
2018-09-13 21:00:00+00:00,74800
2018-09-14 12:00:00+00:00,74885
2018-09-14 13:00:00+00:00,75720
2018-09-14 14:00:00+00:00,75380
2018-09-14 15:00:00+00:00,75470
2018-09-14 16:00:00+00:00,74925
2018-09-14 17:00:00+00:00,75535
2018-09-14 18:00:00+00:00,75990
2018-09-14 19:00:00+00:00,75675
2018-09-14 20:00:00+00:00,75845
2018-09-14 21:00:00+00:00,75850
2018-09-17 12:00:00+00:00,75450
2018-09-17 13:00:00+00:00,76775
2018-09-17 14:00:00+00:00,76510
2018-09-17 15:00:00+00:00,76240
2018-09-17 16:00:00+00:00,76470
2018-09-17 17:00:00+00:00,76450
2018-09-17 18:00:00+00:00,76610
2018-09-17 19:00:00+00:00,77075
2018-09-17 20:00:00+00:00,77170
2018-09-17 21:00:00+00:00,77045
2018-09-18 12:00:00+00:00,77255
2018-09-18 13:00:00+00:00,77760
2018-09-18 14:00:00+00:00,78015
2018-09-18 15:00:00+00:00,78405
2018-09-18 16:00:00+00:00,78580
2018-09-18 17:00:00+00:00,78370
2018-09-18 18:00:00+00:00,78270
2018-09-18 19:00:00+00:00,78570
2018-09-18 20:00:00+00:00,78165
2018-09-18 21:00:00+00:00,78050
2018-09-19 12:00:00+00:00,77920
2018-09-19 13:00:00+00:00,78390
2018-09-19 14:00:00+00:00,78715
2018-09-19 15:00:00+00:00,79110
2018-09-19 16:00:00+00:00,79165
2018-09-19 17:00:00+00:00,78905
2018-09-19 18:00:00+00:00,78215
2018-09-19 19:00:00+00:00,78280
2018-09-19 20:00:00+00:00,78135
2018-09-19 21:00:00+00:00,78280
2018-09-20 12:00:00+00:00,79055
2018-09-20 13:00:00+00:00,78630
2018-09-20 14:00:00+00:00,78175
2018-09-20 15:00:00+00:00,78300
2018-09-20 16:00:00+00:00,78530
2018-09-20 17:00:00+00:00,78430
2018-09-20 18:00:00+00:00,78465
2018-09-20 19:00:00+00:00,78430
2018-09-20 20:00:00+00:00,78305
2018-09-20 21:00:00+00:00,78420
2018-09-21 12:00:00+00:00,79070
2018-09-21 13:00:00+00:00,79475
2018-09-21 14:00:00+00:00,79415
2018-09-21 15:00:00+00:00,80190
2018-09-21 16:00:00+00:00,79795
2018-09-21 17:00:00+00:00,79580
2018-09-21 18:00:00+00:00,79375
2018-09-21 19:00:00+00:00,79690
2018-09-21 20:00:00+00:00,79350
2018-09-21 21:00:00+00:00,79380
2018-09-24 12:00:00+00:00,79295
2018-09-24 13:00:00+00:00,79480
2018-09-24 14:00:00+00:00,79110
2018-09-24 15:00:00+00:00,78580
2018-09-24 16:00:00+00:00,78810
2018-09-24 17:00:00+00:00,78575
2018-09-24 18:00:00+00:00,78195
2018-09-24 19:00:00+00:00,78135
2018-09-24 20:00:00+00:00,78270
2018-09-24 21:00:00+00:00,78210
2018-09-25 12:00:00+00:00,77225
2018-09-25 13:00:00+00:00,77855
2018-09-25 14:00:00+00:00,77885
2018-09-25 15:00:00+00:00,78315
2018-09-25 16:00:00+00:00,78290
2018-09-25 17:00:00+00:00,78345
2018-09-25 18:00:00+00:00,78860
2018-09-25 19:00:00+00:00,78825
2018-09-25 20:00:00+00:00,78930
2018-09-25 21:00:00+00:00,79000
2018-09-26 12:00:00+00:00,78975
2018-09-26 13:00:00+00:00,78975
2018-09-26 14:00:00+00:00,79370
2018-09-26 15:00:00+00:00,79035
2018-09-26 16:00:00+00:00,79060
2018-09-26 17:00:00+00:00,79170
2018-09-26 18:00:00+00:00,79045
2018-09-26 19:00:00+00:00,78890
2018-09-26 20:00:00+00:00,78845
2018-09-26 21:00:00+00:00,78715
2018-09-27 12:00:00+00:00,78945
2018-09-27 13:00:00+00:00,79710
2018-09-27 14:00:00+00:00,79910
2018-09-27 15:00:00+00:00,79840
2018-09-27 16:00:00+00:00,79935
2018-09-27 17:00:00+00:00,79960
2018-09-27 18:00:00+00:00,79980
2018-09-27 19:00:00+00:00,80090
2018-09-27 20:00:00+00:00,79925
2018-09-27 21:00:00+00:00,79890
2018-09-28 12:00:00+00:00,79150
2018-09-28 13:00:00+00:00,79920
2018-09-28 14:00:00+00:00,80035
2018-09-28 15:00:00+00:00,79715
2018-09-28 16:00:00+00:00,79620
2018-09-28 17:00:00+00:00,79335
2018-09-28 18:00:00+00:00,79390
2018-09-28 19:00:00+00:00,79400
2018-09-28 20:00:00+00:00,79240
2018-09-28 21:00:00+00:00,79350
2018-10-01 12:00:00+00:00,79360
2018-10-01 13:00:00+00:00,79020
2018-10-01 14:00:00+00:00,78510
2018-10-01 15:00:00+00:00,78500
2018-10-01 16:00:00+00:00,78795
2018-10-01 17:00:00+00:00,78850
2018-10-01 18:00:00+00:00,78885
2018-10-01 19:00:00+00:00,78815
2018-10-01 20:00:00+00:00,78775
2018-10-01 21:00:00+00:00,79000
2018-10-02 12:00:00+00:00,80595
2018-10-02 13:00:00+00:00,81020
2018-10-02 14:00:00+00:00,81545
2018-10-02 15:00:00+00:00,81565
2018-10-02 16:00:00+00:00,81585
2018-10-02 17:00:00+00:00,81440
2018-10-02 18:00:00+00:00,81975
2018-10-02 19:00:00+00:00,81780
2018-10-02 20:00:00+00:00,81950
2018-10-02 21:00:00+00:00,81940
2018-10-03 12:00:00+00:00,85230
2018-10-03 13:00:00+00:00,84245
2018-10-03 14:00:00+00:00,83985
2018-10-03 15:00:00+00:00,84390
2018-10-03 16:00:00+00:00,84090
2018-10-03 17:00:00+00:00,84120
2018-10-03 18:00:00+00:00,83400
2018-10-03 19:00:00+00:00,83470
2018-10-03 20:00:00+00:00,83655
2018-10-03 21:00:00+00:00,83790
2018-10-04 12:00:00+00:00,83225
2018-10-04 13:00:00+00:00,82970
2018-10-04 14:00:00+00:00,82520
2018-10-04 15:00:00+00:00,82350
2018-10-04 16:00:00+00:00,82335
2018-10-04 17:00:00+00:00,82205
2018-10-04 18:00:00+00:00,83355
2018-10-04 19:00:00+00:00,83120
2018-10-04 20:00:00+00:00,83240
2018-10-04 21:00:00+00:00,83060
2018-10-05 12:00:00+00:00,84385
2018-10-05 13:00:00+00:00,83165
2018-10-05 14:00:00+00:00,82660
2018-10-05 15:00:00+00:00,82320
2018-10-05 16:00:00+00:00,82445
2018-10-05 17:00:00+00:00,82610
2018-10-05 18:00:00+00:00,82370
2018-10-05 19:00:00+00:00,82545
2018-10-05 20:00:00+00:00,82695
2018-10-05 21:00:00+00:00,82780
2018-10-08 12:00:00+00:00,87880
2018-10-08 13:00:00+00:00,86455
2018-10-08 14:00:00+00:00,85880
2018-10-08 15:00:00+00:00,85605
2018-10-08 16:00:00+00:00,85460
2018-10-08 17:00:00+00:00,85860
2018-10-08 18:00:00+00:00,86125
2018-10-08 19:00:00+00:00,86400
2018-10-08 20:00:00+00:00,86400
2018-10-08 21:00:00+00:00,86275
2018-10-09 12:00:00+00:00,86615
2018-10-09 13:00:00+00:00,85995
2018-10-09 14:00:00+00:00,86285
2018-10-09 15:00:00+00:00,86555
2018-10-09 16:00:00+00:00,86430
2018-10-09 17:00:00+00:00,86380
2018-10-09 18:00:00+00:00,86440
2018-10-09 19:00:00+00:00,86220
2018-10-09 20:00:00+00:00,85915
2018-10-09 21:00:00+00:00,85915
2018-10-10 12:00:00+00:00,85320
2018-10-10 13:00:00+00:00,84680
2018-10-10 14:00:00+00:00,84680
2018-10-10 15:00:00+00:00,84265
2018-10-10 16:00:00+00:00,84300
2018-10-10 17:00:00+00:00,84105
2018-10-10 18:00:00+00:00,84285
2018-10-10 19:00:00+00:00,83880
2018-10-10 20:00:00+00:00,83700
2018-10-10 21:00:00+00:00,83550
2018-10-11 12:00:00+00:00,84755
2018-10-11 13:00:00+00:00,84605
2018-10-11 14:00:00+00:00,83905
2018-10-11 15:00:00+00:00,83575
2018-10-11 16:00:00+00:00,83735
2018-10-11 17:00:00+00:00,83590
2018-10-11 18:00:00+00:00,82910
2018-10-11 19:00:00+00:00,83005
2018-10-11 20:00:00+00:00,83390
2018-10-11 21:00:00+00:00,83605
2018-10-15 12:00:00+00:00,84360
2018-10-15 13:00:00+00:00,83670
2018-10-15 14:00:00+00:00,83855
2018-10-15 15:00:00+00:00,83755
2018-10-15 16:00:00+00:00,83985
2018-10-15 17:00:00+00:00,84125
2018-10-15 18:00:00+00:00,83735
2018-10-15 19:00:00+00:00,83370
2018-10-15 20:00:00+00:00,83230
2018-10-15 21:00:00+00:00,83040
2018-10-16 12:00:00+00:00,84225
2018-10-16 13:00:00+00:00,84605
2018-10-16 14:00:00+00:00,85060
2018-10-16 15:00:00+00:00,85020
2018-10-16 16:00:00+00:00,85020
2018-10-16 17:00:00+00:00,85160
2018-10-16 18:00:00+00:00,84945
2018-10-16 19:00:00+00:00,85675
2018-10-16 20:00:00+00:00,85945
2018-10-16 21:00:00+00:00,85895
2018-10-17 12:00:00+00:00,85860
2018-10-17 13:00:00+00:00,85880
2018-10-17 14:00:00+00:00,86060
2018-10-17 15:00:00+00:00,86865
2018-10-17 16:00:00+00:00,86885
2018-10-17 17:00:00+00:00,86595
2018-10-17 18:00:00+00:00,86585
2018-10-17 19:00:00+00:00,86340
2018-10-17 20:00:00+00:00,86530
2018-10-17 21:00:00+00:00,86500
2018-10-18 12:00:00+00:00,86125
2018-10-18 13:00:00+00:00,85835
2018-10-18 14:00:00+00:00,85980
2018-10-18 15:00:00+00:00,85105
2018-10-18 16:00:00+00:00,85455
2018-10-18 17:00:00+00:00,84875
2018-10-18 18:00:00+00:00,85005
2018-10-18 19:00:00+00:00,84625
2018-10-18 20:00:00+00:00,84325
2018-10-18 21:00:00+00:00,84500
2018-10-19 12:00:00+00:00,85405
2018-10-19 13:00:00+00:00,85360
2018-10-19 14:00:00+00:00,85195
2018-10-19 15:00:00+00:00,84825
2018-10-19 16:00:00+00:00,84765
2018-10-19 17:00:00+00:00,84830
2018-10-19 18:00:00+00:00,84715
2018-10-19 19:00:00+00:00,84885
2018-10-19 20:00:00+00:00,85030
2018-10-19 21:00:00+00:00,85095
2018-10-22 12:00:00+00:00,85700
2018-10-22 13:00:00+00:00,85970
2018-10-22 14:00:00+00:00,86270
2018-10-22 15:00:00+00:00,86065
2018-10-22 16:00:00+00:00,86010
2018-10-22 17:00:00+00:00,86240
2018-10-22 18:00:00+00:00,86165
2018-10-22 19:00:00+00:00,86330
2018-10-22 20:00:00+00:00,86280
2018-10-22 21:00:00+00:00,86155
2018-10-23 12:00:00+00:00,85010
2018-10-23 13:00:00+00:00,85030
2018-10-23 14:00:00+00:00,85070
2018-10-23 15:00:00+00:00,85360
2018-10-23 16:00:00+00:00,85790
2018-10-23 17:00:00+00:00,85880
2018-10-23 18:00:00+00:00,86190
2018-10-23 19:00:00+00:00,85990
2018-10-23 20:00:00+00:00,86225
2018-10-23 21:00:00+00:00,86300
2018-10-24 12:00:00+00:00,86210
2018-10-24 13:00:00+00:00,86105
2018-10-24 14:00:00+00:00,84880
2018-10-24 15:00:00+00:00,84720
2018-10-24 16:00:00+00:00,84610
2018-10-24 17:00:00+00:00,84560
2018-10-24 18:00:00+00:00,84695
2018-10-24 19:00:00+00:00,83545
2018-10-24 20:00:00+00:00,83630
2018-10-24 21:00:00+00:00,83710
2018-10-25 12:00:00+00:00,84370
2018-10-25 13:00:00+00:00,84315
2018-10-25 14:00:00+00:00,84510
2018-10-25 15:00:00+00:00,84625
2018-10-25 16:00:00+00:00,84950
2018-10-25 17:00:00+00:00,85395
2018-10-25 18:00:00+00:00,85100
2018-10-25 19:00:00+00:00,84920
2018-10-25 20:00:00+00:00,84340
2018-10-25 21:00:00+00:00,84270
2018-10-26 12:00:00+00:00,85175
2018-10-26 13:00:00+00:00,85025
2018-10-26 14:00:00+00:00,84200
2018-10-26 15:00:00+00:00,85540
2018-10-26 16:00:00+00:00,85500
2018-10-26 17:00:00+00:00,85705
2018-10-26 18:00:00+00:00,85745
2018-10-26 19:00:00+00:00,86115
2018-10-26 20:00:00+00:00,86665
2018-10-26 21:00:00+00:00,86600
2018-10-29 12:00:00+00:00,89350
2018-10-29 13:00:00+00:00,87110
2018-10-29 14:00:00+00:00,87430
2018-10-29 15:00:00+00:00,86040
2018-10-29 16:00:00+00:00,85455
2018-10-29 17:00:00+00:00,86315
2018-10-29 18:00:00+00:00,85035
2018-10-29 19:00:00+00:00,84345
2018-10-29 20:00:00+00:00,83910
2018-10-29 21:00:00+00:00,83980
2018-10-30 12:00:00+00:00,85270
2018-10-30 13:00:00+00:00,86185
2018-10-30 14:00:00+00:00,86315
2018-10-30 15:00:00+00:00,86795
2018-10-30 16:00:00+00:00,87110
2018-10-30 17:00:00+00:00,87025
2018-10-30 18:00:00+00:00,87205
2018-10-30 19:00:00+00:00,87635
2018-10-30 20:00:00+00:00,87755
2018-10-30 21:00:00+00:00,87555
2018-10-31 12:00:00+00:00,88490
2018-10-31 13:00:00+00:00,87950
2018-10-31 14:00:00+00:00,87610
2018-10-31 15:00:00+00:00,87385
2018-10-31 16:00:00+00:00,87100
2018-10-31 17:00:00+00:00,87440
2018-10-31 18:00:00+00:00,87630
2018-10-31 19:00:00+00:00,87860
2018-10-31 20:00:00+00:00,87795
2018-10-31 21:00:00+00:00,87700
2018-11-01 12:00:00+00:00,88390
2018-11-01 13:00:00+00:00,87800
2018-11-01 14:00:00+00:00,88905
2018-11-01 15:00:00+00:00,89180
2018-11-01 16:00:00+00:00,89310
2018-11-01 17:00:00+00:00,89280
2018-11-01 18:00:00+00:00,88785
2018-11-01 19:00:00+00:00,88990
2018-11-01 20:00:00+00:00,88600
2018-11-01 21:00:00+00:00,88470
2018-11-05 11:00:00+00:00,89275
2018-11-05 12:00:00+00:00,89545
2018-11-05 13:00:00+00:00,89575
2018-11-05 14:00:00+00:00,89880
2018-11-05 15:00:00+00:00,90060
2018-11-05 16:00:00+00:00,89865
2018-11-05 17:00:00+00:00,89815
2018-11-05 18:00:00+00:00,89875
2018-11-05 19:00:00+00:00,89980
2018-11-05 20:00:00+00:00,89950
2018-11-06 11:00:00+00:00,89005
2018-11-06 12:00:00+00:00,88980
2018-11-06 13:00:00+00:00,89335
2018-11-06 14:00:00+00:00,89800
2018-11-06 15:00:00+00:00,89740
2018-11-06 16:00:00+00:00,89565
2018-11-06 17:00:00+00:00,89580
2018-11-06 18:00:00+00:00,89590
2018-11-06 19:00:00+00:00,89180
2018-11-06 20:00:00+00:00,89160
2018-11-07 11:00:00+00:00,90035
2018-11-07 12:00:00+00:00,89590
2018-11-07 13:00:00+00:00,89280
2018-11-07 14:00:00+00:00,88340
2018-11-07 15:00:00+00:00,88505
2018-11-07 16:00:00+00:00,88925
2018-11-07 17:00:00+00:00,88550
2018-11-07 18:00:00+00:00,88305
2018-11-07 19:00:00+00:00,88290
2018-11-07 20:00:00+00:00,88400
2018-11-08 11:00:00+00:00,88865
2018-11-08 12:00:00+00:00,88650
2018-11-08 13:00:00+00:00,87760
2018-11-08 14:00:00+00:00,88150
2018-11-08 15:00:00+00:00,87830
2018-11-08 16:00:00+00:00,87405
2018-11-08 17:00:00+00:00,86735
2018-11-08 18:00:00+00:00,87065
2018-11-08 19:00:00+00:00,86080
2018-11-08 20:00:00+00:00,86030
2018-11-09 11:00:00+00:00,85855
2018-11-09 12:00:00+00:00,86330
2018-11-09 13:00:00+00:00,86245
2018-11-09 14:00:00+00:00,86010
2018-11-09 15:00:00+00:00,85550
2018-11-09 16:00:00+00:00,84675
2018-11-09 17:00:00+00:00,85220
2018-11-09 18:00:00+00:00,85185
2018-11-09 19:00:00+00:00,86185
2018-11-09 20:00:00+00:00,86280
2018-11-12 14:00:00+00:00,85750
2018-11-12 15:00:00+00:00,85575
2018-11-12 16:00:00+00:00,85770
2018-11-12 17:00:00+00:00,86315
2018-11-12 18:00:00+00:00,86050
2018-11-12 19:00:00+00:00,85990
2018-11-12 20:00:00+00:00,86080
2018-11-13 11:00:00+00:00,86125
2018-11-13 12:00:00+00:00,85500
2018-11-13 13:00:00+00:00,85135
2018-11-13 14:00:00+00:00,85280
2018-11-13 15:00:00+00:00,84830
2018-11-13 16:00:00+00:00,85465
2018-11-13 17:00:00+00:00,85310
2018-11-13 18:00:00+00:00,84925
2018-11-13 19:00:00+00:00,85135
2018-11-13 20:00:00+00:00,85370
2018-11-14 11:00:00+00:00,85145
2018-11-14 12:00:00+00:00,84855
2018-11-14 13:00:00+00:00,85810
2018-11-14 14:00:00+00:00,85570
2018-11-14 15:00:00+00:00,85090
2018-11-14 16:00:00+00:00,85675
2018-11-14 17:00:00+00:00,85785
2018-11-14 18:00:00+00:00,85465
2018-11-14 19:00:00+00:00,85980
2018-11-14 20:00:00+00:00,86300
2018-11-16 11:00:00+00:00,86970
2018-11-16 12:00:00+00:00,86715
2018-11-16 13:00:00+00:00,87205
2018-11-16 14:00:00+00:00,87335
2018-11-16 15:00:00+00:00,87630
2018-11-16 16:00:00+00:00,88145
2018-11-16 17:00:00+00:00,88665
2018-11-16 18:00:00+00:00,88435
2018-11-16 19:00:00+00:00,88985
2018-11-16 20:00:00+00:00,88840
2018-11-19 11:00:00+00:00,88440
2018-11-19 12:00:00+00:00,88040
2018-11-19 13:00:00+00:00,87945
2018-11-19 14:00:00+00:00,87945
2018-11-19 15:00:00+00:00,88205
2018-11-19 16:00:00+00:00,87885
2018-11-19 17:00:00+00:00,87615
2018-11-19 18:00:00+00:00,87905
2018-11-19 19:00:00+00:00,88165
2018-11-19 20:00:00+00:00,88200
2018-11-21 11:00:00+00:00,86875
2018-11-21 12:00:00+00:00,87350
2018-11-21 13:00:00+00:00,87175
2018-11-21 14:00:00+00:00,87250
2018-11-21 15:00:00+00:00,87175
2018-11-21 16:00:00+00:00,87300
2018-11-21 17:00:00+00:00,87145
2018-11-21 18:00:00+00:00,87300
2018-11-21 19:00:00+00:00,87575
2018-11-21 20:00:00+00:00,87550
2018-11-22 11:00:00+00:00,87520
2018-11-22 12:00:00+00:00,87765
2018-11-22 13:00:00+00:00,87720
2018-11-22 14:00:00+00:00,87620
2018-11-22 15:00:00+00:00,87780
2018-11-22 16:00:00+00:00,87765
2018-11-22 17:00:00+00:00,87665
2018-11-22 18:00:00+00:00,87735
2018-11-22 19:00:00+00:00,87760
2018-11-22 20:00:00+00:00,87700
2018-11-23 11:00:00+00:00,87400
2018-11-23 12:00:00+00:00,87060
2018-11-23 13:00:00+00:00,86680
2018-11-23 14:00:00+00:00,86475
2018-11-23 15:00:00+00:00,86085
2018-11-23 16:00:00+00:00,86450
2018-11-23 17:00:00+00:00,86485
2018-11-23 18:00:00+00:00,86600
2018-11-23 19:00:00+00:00,86440
2018-11-23 20:00:00+00:00,86340
2018-11-26 11:00:00+00:00,87035
2018-11-26 12:00:00+00:00,87130
2018-11-26 13:00:00+00:00,86810
2018-11-26 14:00:00+00:00,87195
2018-11-26 15:00:00+00:00,87075
2018-11-26 16:00:00+00:00,86715
2018-11-26 17:00:00+00:00,85405
2018-11-26 18:00:00+00:00,85605
2018-11-26 19:00:00+00:00,85620
2018-11-26 20:00:00+00:00,85630
2018-11-27 11:00:00+00:00,86100
2018-11-27 12:00:00+00:00,86330
2018-11-27 13:00:00+00:00,86170
2018-11-27 14:00:00+00:00,86410
2018-11-27 15:00:00+00:00,86925
2018-11-27 16:00:00+00:00,87635
2018-11-27 17:00:00+00:00,87545
2018-11-27 18:00:00+00:00,88060
2018-11-27 19:00:00+00:00,88235
2018-11-27 20:00:00+00:00,87970
2018-11-28 11:00:00+00:00,88050
2018-11-28 12:00:00+00:00,88510
2018-11-28 13:00:00+00:00,88525
2018-11-28 14:00:00+00:00,87920
2018-11-28 15:00:00+00:00,87825
2018-11-28 16:00:00+00:00,88110
2018-11-28 17:00:00+00:00,89215
2018-11-28 18:00:00+00:00,89635
2018-11-28 19:00:00+00:00,89385
2018-11-28 20:00:00+00:00,89230
2018-11-29 11:00:00+00:00,88585
2018-11-29 12:00:00+00:00,89410
2018-11-29 13:00:00+00:00,89895
2018-11-29 14:00:00+00:00,89625
2018-11-29 15:00:00+00:00,89550
2018-11-29 16:00:00+00:00,89790
2018-11-29 17:00:00+00:00,89425
2018-11-29 18:00:00+00:00,89425
2018-11-29 19:00:00+00:00,89925
2018-11-29 20:00:00+00:00,89730
2018-11-30 11:00:00+00:00,89635
2018-11-30 12:00:00+00:00,89635
2018-11-30 13:00:00+00:00,90200
2018-11-30 14:00:00+00:00,89825
2018-11-30 15:00:00+00:00,89930
2018-11-30 16:00:00+00:00,90320
2018-11-30 17:00:00+00:00,90180
2018-11-30 18:00:00+00:00,90275
2018-11-30 19:00:00+00:00,89865
2018-11-30 20:00:00+00:00,89605
2018-12-03 11:00:00+00:00,91515
2018-12-03 12:00:00+00:00,90895
2018-12-03 13:00:00+00:00,91210
2018-12-03 14:00:00+00:00,90920
2018-12-03 15:00:00+00:00,90545
2018-12-03 16:00:00+00:00,90410
2018-12-03 17:00:00+00:00,90600
2018-12-03 18:00:00+00:00,89840
2018-12-03 19:00:00+00:00,89775
2018-12-03 20:00:00+00:00,89770
2018-12-04 11:00:00+00:00,90190
2018-12-04 12:00:00+00:00,90180
2018-12-04 13:00:00+00:00,90270
2018-12-04 14:00:00+00:00,90110
2018-12-04 15:00:00+00:00,90140
2018-12-04 16:00:00+00:00,89845
2018-12-04 17:00:00+00:00,88710
2018-12-04 18:00:00+00:00,88440
2018-12-04 19:00:00+00:00,88850
2018-12-04 20:00:00+00:00,88600
2018-12-05 11:00:00+00:00,89110
2018-12-05 12:00:00+00:00,89085
2018-12-05 13:00:00+00:00,88695
2018-12-05 14:00:00+00:00,88800
2018-12-05 15:00:00+00:00,88770
2018-12-05 16:00:00+00:00,88845
2018-12-05 17:00:00+00:00,88885
2018-12-05 18:00:00+00:00,88820
2018-12-05 19:00:00+00:00,89150
2018-12-05 20:00:00+00:00,89110
2018-12-06 11:00:00+00:00,87890
2018-12-06 12:00:00+00:00,88285
2018-12-06 13:00:00+00:00,87965
2018-12-06 14:00:00+00:00,87630
2018-12-06 15:00:00+00:00,87625
2018-12-06 16:00:00+00:00,87540
2018-12-06 17:00:00+00:00,88100
2018-12-06 18:00:00+00:00,88650
2018-12-06 19:00:00+00:00,88870
2018-12-06 20:00:00+00:00,88940
2018-12-07 11:00:00+00:00,88690
2018-12-07 12:00:00+00:00,88620
2018-12-07 13:00:00+00:00,89465
2018-12-07 14:00:00+00:00,90015
2018-12-07 15:00:00+00:00,89765
2018-12-07 16:00:00+00:00,89230
2018-12-07 17:00:00+00:00,89020
2018-12-07 18:00:00+00:00,88325
2018-12-07 19:00:00+00:00,88095
2018-12-07 20:00:00+00:00,88010
2018-12-10 11:00:00+00:00,87700
2018-12-10 12:00:00+00:00,88275
2018-12-10 13:00:00+00:00,87460
2018-12-10 14:00:00+00:00,86840
2018-12-10 15:00:00+00:00,86445
2018-12-10 16:00:00+00:00,86420
2018-12-10 17:00:00+00:00,86370
2018-12-10 18:00:00+00:00,86530
2018-12-10 19:00:00+00:00,86015
2018-12-10 20:00:00+00:00,85850
2018-12-11 11:00:00+00:00,87085
2018-12-11 12:00:00+00:00,86925
2018-12-11 13:00:00+00:00,87435
2018-12-11 14:00:00+00:00,86965
2018-12-11 15:00:00+00:00,86915
2018-12-11 16:00:00+00:00,86235
2018-12-11 17:00:00+00:00,86100
2018-12-11 18:00:00+00:00,85620
2018-12-11 19:00:00+00:00,86405
2018-12-11 20:00:00+00:00,86615
2018-12-12 11:00:00+00:00,88020
2018-12-12 12:00:00+00:00,88525
2018-12-12 13:00:00+00:00,88485
2018-12-12 14:00:00+00:00,88085
2018-12-12 15:00:00+00:00,88585
2018-12-12 16:00:00+00:00,88610
2018-12-12 17:00:00+00:00,88240
2018-12-12 18:00:00+00:00,88110
2018-12-12 19:00:00+00:00,87770
2018-12-12 20:00:00+00:00,87950
2018-12-13 11:00:00+00:00,87990
2018-12-13 12:00:00+00:00,88060
2018-12-13 13:00:00+00:00,88185
2018-12-13 14:00:00+00:00,87980
2018-12-13 15:00:00+00:00,87995
2018-12-13 16:00:00+00:00,88015
2018-12-13 17:00:00+00:00,88320
2018-12-13 18:00:00+00:00,88500
2018-12-13 19:00:00+00:00,88660
2018-12-13 20:00:00+00:00,88560
2018-12-14 11:00:00+00:00,88035
2018-12-14 12:00:00+00:00,88095
2018-12-14 13:00:00+00:00,88325
2018-12-14 14:00:00+00:00,88350
2018-12-14 15:00:00+00:00,88705
2018-12-14 16:00:00+00:00,88575
2018-12-14 17:00:00+00:00,88635
2018-12-14 18:00:00+00:00,88310
2018-12-14 19:00:00+00:00,88115
2018-12-14 20:00:00+00:00,88005
2018-12-17 11:00:00+00:00,88205
2018-12-17 12:00:00+00:00,88015
2018-12-17 13:00:00+00:00,87895
2018-12-17 14:00:00+00:00,87855
2018-12-17 15:00:00+00:00,88060
2018-12-17 16:00:00+00:00,88170
2018-12-17 17:00:00+00:00,87845
2018-12-17 18:00:00+00:00,87420
2018-12-17 19:00:00+00:00,87115
2018-12-17 20:00:00+00:00,87115
2018-12-18 11:00:00+00:00,87505
2018-12-18 12:00:00+00:00,87650
2018-12-18 13:00:00+00:00,87595
2018-12-18 14:00:00+00:00,87790
2018-12-18 15:00:00+00:00,87530
2018-12-18 16:00:00+00:00,87445
2018-12-18 17:00:00+00:00,87815
2018-12-18 18:00:00+00:00,87835
2018-12-18 19:00:00+00:00,87440
2018-12-18 20:00:00+00:00,87385
2018-12-19 11:00:00+00:00,88070
2018-12-19 12:00:00+00:00,87975
2018-12-19 13:00:00+00:00,87745
2018-12-19 14:00:00+00:00,88205
2018-12-19 15:00:00+00:00,88530
2018-12-19 16:00:00+00:00,88710
2018-12-19 17:00:00+00:00,88455
2018-12-19 18:00:00+00:00,88655
2018-12-19 19:00:00+00:00,86895
2018-12-19 20:00:00+00:00,86100
2018-12-20 11:00:00+00:00,86920
2018-12-20 12:00:00+00:00,87170
2018-12-20 13:00:00+00:00,86675
2018-12-20 14:00:00+00:00,86265
2018-12-20 15:00:00+00:00,86630
2018-12-20 16:00:00+00:00,85815
2018-12-20 17:00:00+00:00,85945
2018-12-20 18:00:00+00:00,85970
2018-12-20 19:00:00+00:00,86090
2018-12-20 20:00:00+00:00,86365
2018-12-21 11:00:00+00:00,86120
2018-12-21 12:00:00+00:00,86125
2018-12-21 13:00:00+00:00,86605
2018-12-21 14:00:00+00:00,86530
2018-12-21 15:00:00+00:00,86890
2018-12-21 16:00:00+00:00,86715
2018-12-21 17:00:00+00:00,86395
2018-12-21 18:00:00+00:00,86320
2018-12-21 19:00:00+00:00,86190
2018-12-21 20:00:00+00:00,86000
2018-12-26 11:00:00+00:00,85350
2018-12-26 12:00:00+00:00,85295
2018-12-26 13:00:00+00:00,84940
2018-12-26 14:00:00+00:00,84990
2018-12-26 15:00:00+00:00,84425
2018-12-26 16:00:00+00:00,85400
2018-12-26 17:00:00+00:00,85745
2018-12-26 18:00:00+00:00,85915
2018-12-26 19:00:00+00:00,85610
2018-12-26 20:00:00+00:00,85735
2018-12-27 11:00:00+00:00,85390
2018-12-27 12:00:00+00:00,85880
2018-12-27 13:00:00+00:00,85790
2018-12-27 14:00:00+00:00,85885
2018-12-27 15:00:00+00:00,85845
2018-12-27 16:00:00+00:00,86155
2018-12-27 17:00:00+00:00,85825
2018-12-27 18:00:00+00:00,85790
2018-12-27 19:00:00+00:00,85860
2018-12-27 20:00:00+00:00,86110
2018-12-28 11:00:00+00:00,87025
2018-12-28 12:00:00+00:00,87255
2018-12-28 13:00:00+00:00,87365
2018-12-28 14:00:00+00:00,87875
2018-12-28 15:00:00+00:00,87595
2018-12-28 16:00:00+00:00,87890
2018-12-28 17:00:00+00:00,88045
2018-12-28 18:00:00+00:00,88185
2018-12-28 19:00:00+00:00,88565
2018-12-28 20:00:00+00:00,88205
